{"cab_count": {"INDICA": 3, "SUMO": 1, "TRAVELLER": 1}, "cab_wise_distance": {"INDICA": 58.481, "SUMO": 35.19, "TRAVELLER": 44.885}, "cab_wise_avg_distance": {"INDICA": 19.493666666666666, "SUMO": 35.19, "TRAVELLER": 44.885}, "cab_type_price": {"INDICA": 877.215, "SUMO": 527.8499999999999, "TRAVELLER": 897.6999999999999}, "total_price": 2302.765, "cab_wise_avg_droutes": {"INDICA": 1.0611530926392387, "SUMO": 1.4830579905596764, "TRAVELLER": 1.3199454948049736}}